0,45,90,135,0,45,90,135,0,45,90,135,0,45,90,135
0.8424182301725411,0.8407893145365553,0.842462956356069,0.8408190540172494,36.90694917315031,50.73614501953125,34.86484678988191,52.931182861328125,0.8917520755776482,0.8517121774822067,0.8977415531529828,0.8452966845081322,0.8814866573713367,0.8728559783226537,0.8811051387718339,0.8713467335344622
0.85162555288901,0.8502172624780969,0.8515808251834525,0.8501101695043047,28.334539153695548,40.52337646484375,27.441755836575027,41.74505615234375,0.9024454786508421,0.8609721922289975,0.9055192907463155,0.8567808472926027,0.8874562708794265,0.8797136500676295,0.8886192109367191,0.8790172488481192
0.8486761583016994,0.8474226215702941,0.8488128728491722,0.8473930590973984,29.80331955252835,37.67462158203125,26.859618190660736,39.535797119140625,0.866716185424504,0.8320930242147945,0.8798807507270124,0.8237982002001462,0.8848525253432166,0.8762727038356273,0.8848039288621479,0.8774832850029137
0.8777363629813102,0.8764445799952963,0.8776896662897148,0.8765819373053934,26.218050826847655,36.899505615234375,26.258602869649124,34.8851318359375,0.8476486961183968,0.7863518793856842,0.8474130509654918,0.7980151026453436,0.9092393954028053,0.9025984030695209,0.9093344373279622,0.9036091824661103
0.8123294835585324,0.8111007859519516,0.8121764344660863,0.8101385755700906,35.616488326846735,45.304962158203125,38.37697592412288,59.84686279296875,0.9246788461333593,0.9045023491211351,0.9188410131287863,0.8738496946705101,0.8557874997065723,0.8475492145614858,0.8547066789355393,0.84446808352137
0.8148579625900042,0.8133202025576637,0.8149493008111993,0.8130607334277795,41.15849951361677,56.430145263671875,38.952121838519616,61.884979248046875,0.9189996256510483,0.8893125925893235,0.9233418008943163,0.8786129669058356,0.85450028611835,0.8460398585949762,0.8547688715608865,0.8448051138249082
0.8384904803143872,0.8369390482967479,0.8387040675731198,0.83709127971318,39.51024440661331,54.38177490234375,33.40737475680791,51.461395263671875,0.9006187246036892,0.863687260437963,0.9159694514464085,0.8710074508845495,0.8748067961920696,0.8672704445314665,0.8762806014040726,0.8667838873498195
0.8557849815536541,0.8542558735644014,0.8555878021228533,0.8543622545501038,27.298698929960405,40.473175048828125,29.513801070037992,38.258148193359375,0.8793817654437717,0.8217842414751809,0.8695944231904511,0.8315376816420065,0.888786430249175,0.8818190995336412,0.8894974541091856,0.8819121303284128
0.8608025585615953,0.8594752398192986,0.8607713382132794,0.8594756207026532,26.808730544746307,39.037506103515625,27.31018968871518,37.855255126953125,0.8733292779537678,0.8162010650825857,0.8709598934080474,0.8217674163172444,0.893911494844903,0.8854201168732996,0.8923788818157856,0.8863952400698012
0.870224788394476,0.868904457661295,0.8701183775599188,0.868889232976634,24.98331104085543,36.672393798828125,27.38402845330678,37.231689453125,0.8573433652865814,0.7913426266397258,0.8436350835300838,0.7881603647236484,0.9027419503374242,0.8948519344921695,0.901619822152448,0.8949122396246565
0.8639668764517614,0.8623183284179562,0.8640577141667674,0.8629745167988592,30.58362718871487,48.00299072265625,29.79407830739194,37.62066650390625,0.8924319735376154,0.831750132583306,0.8952089566088315,0.8681400459404598,0.8942777065940513,0.8861480357442368,0.8932892349667856,0.8876306389160744
0.8557777305011047,0.8543406910113479,0.856020280130346,0.8546000390789984,35.93895914396757,50.871246337890625,31.47005714980433,45.287261962890625,0.8809505196739303,0.8320649589229784,0.8957539662039748,0.8504986854953651,0.8876512802992693,0.8803734442451103,0.8872175467001364,0.8799510244950266
0.8685984800316018,0.8673332368841796,0.8685988607694144,0.8674095931688307,24.29377431906569,34.034759521484375,25.069096546692073,33.7191162109375,0.8390613682941653,0.7753253404146963,0.8339251018249638,0.7774090058891866,0.899616914278122,0.8921313899491854,0.9001330979590754,0.893551103353164
0.7086797035214043,0.7062382639127676,0.7087696957295196,0.7060664549911433,49.622659289881206,72.26718139648438,47.3440539883247,72.52838134765625,0.9135973666188474,0.8745341726138589,0.9175648585128303,0.8740806933532355,0.7806084053500877,0.7644031227407146,0.7788285390769877,0.762424525747333
0.8702011256244349,0.8689264210332053,0.8702614415833864,0.8688806011578956,29.54663180933765,40.16943359375,27.460785505835755,40.29132080078125,0.860496703035314,0.8110274364857885,0.870344946929157,0.8104540318865299,0.9022139073160679,0.8960770776874689,0.902444652996057,0.8963615528966828
0.8624694624204937,0.8611644963295116,0.8626814074741735,0.8612560490210139,28.205952091438984,39.62030029296875,24.878039883267878,37.66387939453125,0.860655121597591,0.8049451705875564,0.8770958898609047,0.8145768326845592,0.8961154287889865,0.8884449602040683,0.8954587420898248,0.888850248643523
0.8642450228879159,0.8631312232655078,0.8644739470351036,0.8630701982044353,31.227413667314277,37.870330810546875,26.326848249026444,40.811553955078125,0.8671441102920779,0.8394438648426497,0.8879933866892417,0.8269741712695003,0.8954876933229036,0.8904147813601235,0.8978726683686028,0.889653548318307
0.8919849486792981,0.8908415863551318,0.8918776883376697,0.8908265965611644,22.746868920232934,30.1923828125,23.626732733462475,30.302734375,0.8616240742381304,0.8170036527374223,0.856271602646239,0.81633481076567,0.920313526814775,0.9137125122022214,0.919045794055768,0.9139037928380545
0.8389518576746259,0.8376911678698632,0.8393472445710957,0.8374161816446244,36.79970209143822,44.64019775390625,30.186040856029923,51.419036865234375,0.8759701829559482,0.8500621842337277,0.898260884956222,0.8272933709012518,0.8773607420581222,0.8706550611939501,0.8796110413257089,0.8687398013086443
0.7931403940613643,0.7914842701552405,0.7932759374464715,0.7914541078524255,39.69050948443388,52.696380615234375,34.72045233462887,54.76190185546875,0.9398660899466597,0.920424911302958,0.9473960756658792,0.9173058349265872,0.8404624894455764,0.8303366870219377,0.8411066699749631,0.8302780212917671
0.8370944105388494,0.8352781379232775,0.8371104798685781,0.8351866850546306,40.3357551070022,61.375640869140625,39.123054474706535,59.01580810546875,0.906922069172427,0.8588652920589266,0.9097204713659102,0.8642917821643539,0.8747685568048672,0.8660981776186922,0.8758162131031327,0.8671838869104511
0.7860734812107891,0.7836422026865838,0.7856940835542839,0.7842071947466865,41.30693701361704,67.0184326171875,46.574081955250655,58.68701171875,0.9188057800265036,0.8686839474432199,0.9084525135792121,0.8850085504195543,0.8333282177612682,0.8218321308889709,0.8329044316293057,0.8236102896975737
0.8749965150759931,0.873502979033713,0.8748495578350634,0.8736898429897404,24.975759634388254,37.69971478174653,26.359644246803832,36.83581349206379,0.8639278022097308,0.7953532023362413,0.8563963314332643,0.8000427506114651,0.9076821189263367,0.8990476577145511,0.906412746428337,0.9003553265539245
0.8585185871156871,0.8573205055389309,0.85856391151824,0.8570763179733734,29.39728234435715,38.8626708984375,28.659259484434948,41.833099365234375,0.882578470866751,0.8453107252953126,0.8855263546790103,0.8334872089371126,0.891967008955364,0.8850590089427435,0.891860803766278,0.8851439165194825
0.8568869502858157,0.8555156951944756,0.8570699726990765,0.8553325204261175,37.92245257781974,48.0609130859375,33.11524197470706,52.84857177734375,0.876280876899874,0.8437450420190888,0.8919640366099248,0.8281794740841822,0.8890285530338005,0.88146940091189,0.8908648805358157,0.8811841439565489
0.8706005619633708,0.8694954650073269,0.870813255770922,0.8694496357553031,28.076088278209514,34.97625732421875,23.745804961088965,37.58319091796875,0.8359059600704827,0.7962985586139044,0.8612148163650127,0.7811157983281996,0.9025555582101262,0.8952536381470495,0.9030528991430932,0.8951856728743186
0.9020732616434506,0.9010472841357021,0.9021339739518317,0.9011081131958837,22.438807149805037,29.915252685546875,20.517114542801192,29.48455810546875,0.7910198036806491,0.7224037934349902,0.8089171765488222,0.7264003895150766,0.925962578005037,0.9211637427402342,0.9259198444913742,0.9206810850950788
0.8353552420399211,0.8336342913924548,0.8352621704678367,0.8340920942956972,31.423607733462617,45.486663818359375,32.67801556420174,43.175933837890625,0.9781702255500248,0.9685004376176862,0.9772987966470909,0.9701006205517245,0.891411998323335,0.8793426781678026,0.8895329493453227,0.8787129225859267
0.84620526674032,0.8448626160618473,0.8463280948607727,0.8449524586368622,23.991427529182523,33.001556396484375,22.41685919260671,31.085479736328125,0.9718425179589968,0.9613921398271994,0.9736905063542507,0.963633719554135,0.899005290610226,0.8896281280114544,0.9006237769365053,0.8884425599138923
0.8610378453450062,0.8596347311356363,0.8609156180531257,0.8596801595989167,24.083779182878803,35.3011474609375,25.907709143968177,35.396087646484375,0.8816019892349621,0.8270700538394562,0.8726353865465724,0.8266049697740373,0.8958786478098743,0.8880447608077371,0.8948112899449043,0.8879591791547343
0.8488439237954924,0.8475004948648913,0.8488132617814559,0.8473935186352028,29.946437256808334,39.50909423828125,28.79830374513519,43.38043212890625,0.8918128956566347,0.857759656250926,0.8959607426596795,0.8438220947110397,0.8840809076626499,0.8770265678635867,0.884231967394604,0.8757263655731702
0.8085419324268164,0.8069624872042634,0.8088452313914841,0.8070697612029192,39.14007782101012,54.21282958984375,35.917315175095816,53.481109619140625,0.925456091556578,0.8970970462793029,0.931593977247829,0.8984859453065523,0.8542844091304596,0.8435570258020904,0.8524345892899743,0.8433114352158269
0.7611973630545825,0.7589675150054903,0.7609026170657843,0.7591832094930276,32.17400291828753,49.028533935546875,36.5131626945521,47.015594482421875,0.9789688056148219,0.9680385095902563,0.976132425169571,0.96935073616246,0.8463932317081354,0.8274064989706711,0.842194728368576,0.8289741768134953
0.8844891457706089,0.8834394257316256,0.8844888605479498,0.8832256895829877,21.861776507781713,30.15093994140625,23.914944066147324,32.891845703125,0.8365349963290106,0.775366832454079,0.8211830398059042,0.7549462968291121,0.913084816105422,0.9068960574086509,0.9122820959130458,0.9062352966978675
0.7831887231368324,0.7812453009969095,0.7834952076700125,0.7814292124173653,34.960662841796875,49.26200980392206,32.61396200503585,48.533884803921936,0.9732866461987103,0.9624668819592134,0.9750800333984552,0.9630216462021334,0.8577689982873622,0.8440950803642909,0.859849888426282,0.8429505395477713
0.8018474152243563,0.7999085331550325,0.8017334182225618,0.7996356176849785,50.0593385214003,71.80532836914062,52.369254620622065,75.70578002929688,0.9778840658723329,0.9683706600946221,0.9768635579351573,0.9666525604194931,0.8748837226618552,0.8564578886568299,0.8697399584356444,0.8582833069479039
0.7717966505225925,0.7703168955670495,0.7724912119885964,0.769582397103348,46.37585116731476,54.9630126953125,35.38129255836533,65.639404296875,0.9736413731145355,0.9688476605557863,0.9798903466826552,0.9627964170212487,0.8531342537867743,0.8378852193066466,0.8528088420881658,0.8346511938318812
0.7686624984002594,0.7662169275139619,0.7685264554909812,0.766278394459767,45.614512402723136,67.79891967773438,46.931177042800776,69.42767333984375,0.9740929953036069,0.9616005080219879,0.9733451886250474,0.9606780255771401,0.8475578948762686,0.8300051896478933,0.8472951518574264,0.830380650639182
0.8084630900758469,0.8063872365972743,0.8083380697304721,0.8065082379930288,38.21668287937684,59.672943115234375,40.635244406614284,56.51690673828125,0.9747786608251462,0.9607369610728945,0.973182516000481,0.9628135400491376,0.8771466087222718,0.861507496014631,0.874017228566593,0.8606035724551946
0.8412110671252909,0.8399294255048294,0.8414242629241333,0.839776400635173,33.90032222762535,44.71484375,29.975650535018627,46.051605224609375,0.8985464674242912,0.866628325100297,0.9102918368264203,0.8626411454110005,0.8779992605569408,0.8697472378107611,0.8781830006603047,0.869836097166202
0.855909237180287,0.8546088718036987,0.8557876422124334,0.8545017705788708,26.284411478598606,35.64544677734375,27.618555447470168,37.66522216796875,0.8596474417998871,0.8103192386480554,0.8525234276597605,0.7995713712907786,0.8908105001743591,0.883106966569392,0.890378038197143,0.8821652283697898
0.8417270742338339,0.8401882783186162,0.8420474762000026,0.8402803657687105,36.6518421692594,52.006134033203125,32.387311527236044,51.524139404296875,0.891196429397858,0.8461480306194744,0.9038559884631728,0.8475739359336575,0.879578372204593,0.8710360826289807,0.8810340809814085,0.8713772287326078
0.9036895866343994,0.9022266824960619,0.9032045757722029,0.9025312732395703,20.53270914396871,36.380523681640625,28.549063715952883,31.85882568359375,0.9621812936097727,0.9332260582680914,0.947416161656065,0.9415253230420965,0.9375364997297431,0.9306776168517721,0.9371028748629591,0.9300600464621152
0.8638126219374472,0.862635047392198,0.8637066092438286,0.8624669992975812,24.145549610894516,32.78045654296875,25.870105787937224,34.141510009765625,0.8526781197986243,0.800683207971011,0.8421558967550793,0.7924075205831183,0.897363193972522,0.8911241633189371,0.8976191021229848,0.8911174613296786
0.7735825868137355,0.7718220812125096,0.7739005821458022,0.7717909027425646,43.57472033073876,60.333099365234375,38.838187013618075,59.159027099609375,0.9814552606719986,0.9743946878723392,0.9834710573315688,0.9748929630668519,0.8517376384893774,0.834362136273324,0.8508684857639364,0.8354692590172033
0.8703394257579578,0.8691270440760396,0.8705827724026307,0.8693564437011991,28.810676070038237,39.99664306640625,25.282131566147303,35.098114013671875,0.8809523970776524,0.8353051799116021,0.8955325743692891,0.8554759317344092,0.9002160129219775,0.893658627284615,0.90137586297833,0.8950931226869188
0.8584437409224217,0.8570625183739824,0.8582609577621044,0.8568179889418164,25.80432271400707,39.208404541015625,29.264105058364837,42.0294189453125,0.8855737948579938,0.8267427414658115,0.8702318008568369,0.8142770156170934,0.8918003522024986,0.8830161191201977,0.8905896522074225,0.8834099562287341
0.8690187635940374,0.867587771752823,0.8688513731351521,0.8675422605974906,25.862810068092816,38.911224365234375,27.570859678987645,38.94940185546875,0.8706789312551763,0.8061163199197228,0.8621382196863795,0.8059260922303203,0.8979118720294973,0.8914922970820793,0.8979617792342093,0.8916766031432453
0.8673278308955518,0.866023652092645,0.8670829473595748,0.8657183852792331,27.253708657587165,39.10357666015625,30.859952577820497,41.682342529296875,0.9683940163424253,0.954802487595129,0.9642118740938159,0.9518218445871327,0.9125990201282465,0.9021441224432465,0.9106816698472068,0.9022958918684929
0.8890030003514464,0.8875410929699206,0.888531489889424,0.8876470484743068,20.282861138132084,35.025146484375,27.672574173151364,34.08892822265625,0.9682925505237144,0.9454341757571233,0.9567404844169445,0.9468927141573749,0.9296052778399471,0.9218298381914951,0.9278088803728323,0.9200235106576111
0.8441070726691929,0.842819321467404,0.8442117839831896,0.8427886560238486,27.130471789882602,36.116607666015625,26.531067607003077,35.00439453125,0.8725417978164591,0.8309085728788006,0.8753577820029051,0.8361157536849178,0.8823063048733387,0.8740024659345693,0.8814921311195996,0.8743839929572097
0.8778664788589656,0.8765458025772073,0.8776532864061005,0.876576062082026,22.497568093384665,34.130615234375,25.490545963034315,34.208740234375,0.8844821968251785,0.8253762334645937,0.8691142145162618,0.8249765195518229,0.9087829200282215,0.9022579446655445,0.9081617413195484,0.9018540677119535
0.8566839877374648,0.8554630077264052,0.8566684628104987,0.8551573922277778,28.155794017508853,39.83892822265625,29.338794990271406,42.345184326171875,0.8956942900660175,0.8529324346673728,0.8913117549387922,0.8436804542630791,0.8910795769043202,0.884053589299737,0.8910671319775861,0.8838693440926391
0.7225985541713826,0.7207080983362495,0.7227728307013732,0.7204297785977903,38.237901264590924,49.06976318359375,36.48960359922138,53.077789306640625,0.9721467018487158,0.9643451823439735,0.9734201989424469,0.9614328911221236,0.8200276208059807,0.8042759402965163,0.8230151487693748,0.8013729802312242
0.7644546932944857,0.7623080211745371,0.7641608993353146,0.76218296601979,36.920598249026426,56.992462158203125,41.58739664396809,58.372467041015625,0.9805319184425905,0.9700305886544781,0.978071134596352,0.9693049148999906,0.8411085386751893,0.8238803401593848,0.8386223254827638,0.8216748550718371
0.8181877470274541,0.8163747324375396,0.8175085983345007,0.8157903429053691,30.187864785991952,45.952117919921875,39.76732733462993,54.163848876953125,0.978281834868935,0.9670414284484101,0.9713900473585217,0.9611516689648241,0.8856543730235613,0.8702340786992224,0.8783465888090018,0.86624236795272
0.8270423293622905,0.8256670791151988,0.826566209282945,0.8248258365940784,33.41989907587489,44.202484130859375,40.61183730544687,58.06353759765625,0.9794590929042952,0.9729162260989168,0.9750387044801319,0.964423272693534,0.8878339345940968,0.8746279467322873,0.8837469537148924,0.8712480159411637
0.8602954811767474,0.8587077024323025,0.8599908228666332,0.8587991642471711,28.538697714006734,45.2708740234375,32.79109922178854,43.08465576171875,0.9132375449624642,0.8628564123625014,0.9003095270718846,0.8694793420549016,0.8931311544016403,0.8843311736145658,0.8909984147164958,0.8850384987772153
0.8244322134459544,0.8229379013097456,0.8248602880226469,0.8232586053402414,33.36308365758718,43.915557861328125,27.78191877431882,41.6370849609375,0.9767756041544997,0.9695242723997819,0.9806607121336743,0.9711054459710261,0.886175812776164,0.8741203859691098,0.8880015235949036,0.8748951351846805
0.8349214375117499,0.8332296190892824,0.8348301053905197,0.833366148707375,29.957593628404304,45.407196044921875,31.633694066147562,42.0218505859375,0.9706157900709905,0.955602721920667,0.9689717699358716,0.958912772679768,0.8941227551246164,0.8810808395940672,0.8928383166102178,0.8821644367680015
0.8420289953272464,0.840245330522763,0.841891403614209,0.8403817185818702,28.326179474707136,44.967193603515625,29.423303745135268,44.384033203125,0.9099674413497111,0.8575726568681635,0.9064803171749852,0.8594197364786824,0.8818006841151041,0.8734774246404469,0.8820965187299933,0.8720670552253114
0.7919284578148963,0.7903459310163659,0.7921730150859201,0.7899797716307907,38.64171935797508,52.096527099609375,35.041828793773064,54.926361083984375,0.9048879264334131,0.8721744334216336,0.9137486360980701,0.8652310697750735,0.8356191075734214,0.8253321771576638,0.8366429456462584,0.8251749390877683
0.7854568065607365,0.7835946731939896,0.7854545835630145,0.7827061899852634,62.527754134240645,85.13592529296875,64.44996352140019,99.50869750976562,0.975331662881489,0.9665085127516292,0.974573316290739,0.9608544305793145,0.8635289558750843,0.8495653833557946,0.8626973489058433,0.846214255612564
0.839027582067352,0.8375633996836693,0.8390724744633871,0.8375783048660168,29.80061405641989,41.31683349609375,27.968020428015265,41.59100341796875,0.9781460633033424,0.9697968170968778,0.9794899747096677,0.9695963950510378,0.8966813241174589,0.884673072942199,0.8968271238099746,0.8843714116168924
0.7928714109938126,0.7913146449422259,0.7933125028894908,0.7911636645959764,42.562196011672306,53.914794921875,34.87527358949341,57.751556396484375,0.9773605546708769,0.9714057257076102,0.9814493394666214,0.9693708592083792,0.861095633064871,0.8473691933327263,0.8624518143561615,0.8480313927941567
0.8676791886284144,0.8663960271734001,0.8678011244375009,0.8664264805234937,27.160657830738494,39.30975341796875,25.34207806420171,39.0494384765625,0.8926383765120148,0.8451632237375626,0.8998269239100394,0.846188575535416,0.8990357862463597,0.8925829584002902,0.8996316960663528,0.892205603688677
0.7964763335499566,0.7946735997742446,0.796740632669149,0.7949251546189218,35.365797924901514,48.388082837302136,30.456951392749247,44.78134300595281,0.972845929216292,0.9629583093893439,0.9766160625835042,0.9657193144367037,0.8657534500926618,0.8504090161528597,0.8666326968778099,0.8544575944412054
0.8471233352927838,0.8452850474617085,0.8471679244001228,0.8456817576349843,34.0981882295708,52.003448486328125,33.58086089494034,46.766876220703125,0.8930934004546346,0.8375224731058877,0.8947153548477803,0.8538834133105513,0.8843210248206556,0.8756892744350959,0.8831257182399078,0.8769555283899768
0.8141635647397893,0.8125011119983931,0.8140743483399571,0.8124854765394071,32.274927042800556,46.833709716796875,34.09566512645796,45.21038818359375,0.9002551663946035,0.8557308527201591,0.8946282220810596,0.8607314220701499,0.8554511262318517,0.8462363874315568,0.856112383803122,0.8466060537738072
0.8446019900876716,0.8433152982756736,0.8446343582872422,0.8431016060257973,26.30265077820968,35.811920166015625,26.901112597275837,38.5523681640625,0.9717265875985098,0.9616285162223178,0.9710832852196101,0.9586922018495287,0.8963332202148163,0.8863720005816826,0.8976998513103646,0.8858464414477458
0.881359684882751,0.8802216736804924,0.8814357642416579,0.8803434521000694,23.79258876459091,32.632843017578125,23.199173151750447,30.5684814453125,0.854636352543745,0.8013353526168625,0.8582618957241622,0.8139029264443896,0.909927226089413,0.9042191856338841,0.9108765531856383,0.9043453558144183
0.7884135298731767,0.7862499559239512,0.788291227935502,0.7863427345401081,45.916889591437474,68.88406372070312,47.08718385213809,68.54818725585938,0.9220981289549512,0.8835165332871683,0.9201126261608175,0.8840845029001543,0.8376693454326438,0.8253863291998367,0.8367156058489077,0.826687651935264
0.8809421514893883,0.879767140396584,0.880975093965275,0.8798760500260631,20.995348978598923,29.257843017578125,21.609891780155365,28.8402099609375,0.9540626891466673,0.9362021960726865,0.9527180845041545,0.9371128603292794,0.9228852565413245,0.9145645762422694,0.9233094508062869,0.9169167891810159
0.8874401897505064,0.8863100967810804,0.8874550643618128,0.8860961443143999,23.43476410505783,34.539337158203125,25.643300097275716,38.629119873046875,0.8544418391850213,0.7862438879444074,0.840724165916377,0.7609331517171048,0.9162875933326692,0.9099371540514585,0.915318437457805,0.9087711963489638
0.8701929378061252,0.8690255515530512,0.870284448961858,0.8688117353327091,28.017236138131473,38.676177978515625,26.995440175096608,42.055999755859375,0.8665328835672053,0.8164094426526644,0.8714004643698448,0.8003658882926167,0.9012193646201566,0.8952034821852899,0.9016343175833459,0.8946914316323198
0.8782588004023024,0.8769096372888773,0.8782131079672104,0.8770320727101123,25.00766050583592,37.036041259765625,25.786660992217215,35.199981689453125,0.865075637067871,0.800894896743963,0.860872679165262,0.810765520544364,0.9071400439672381,0.9005161233130181,0.9067607412788707,0.9008301530324332
0.8412997210219142,0.839846654127334,0.841161143920625,0.8396472066763548,28.463430204279714,42.1685791015625,31.263557879376826,45.30084228515625,0.9805599709699374,0.9712914314428337,0.9786475323460195,0.9691589718186022,0.8974494588826044,0.8850334672256395,0.8948136868454233,0.8846643932140321
0.9052971419652736,0.904389819161349,0.9052525611889632,0.9041606312404779,21.102322470816944,28.482452392578125,22.492734678988107,32.267059326171875,0.963353877231072,0.9507108987115533,0.960939298620085,0.9441616075228678,0.9391879173488434,0.9337992140246081,0.9403150074418256,0.9326384946621622
0.8664239418982926,0.8651644552538261,0.8664530376376869,0.8652715511521247,24.593598005836057,33.44287109375,24.29392631322908,33.041961669921875,0.8614142627759676,0.812205320868017,0.8631029226636027,0.814456582621165,0.8994458632150967,0.8916115428030442,0.8984655091118946,0.8921421399213749
0.8213926398658401,0.8196980491189148,0.8212415492365637,0.819728530351305,33.04948929960982,50.114288330078125,35.51851288910374,48.6427001953125,0.9253262316903923,0.8871416469075213,0.9197475888919694,0.8904556920402429,0.8642714627702098,0.8544647264937408,0.8641649946444688,0.854562997673679
0.7990849928869246,0.7967510242360473,0.7988073517146402,0.7971349278678624,41.41008025291777,69.854248046875,46.78532344357919,62.14031982421875,0.9802120521544802,0.9667180364697052,0.9776434738937244,0.9703933273068422,0.8746043599205389,0.8569947857779934,0.8713425648641367,0.8589773749692338
0.8577319793722563,0.8564542470333311,0.8579449908253999,0.8565611851981589,26.791342412450753,35.8436279296875,25.26331468871544,35.7169189453125,0.8606216591791735,0.8141720380929152,0.8685710170569433,0.8148289490609646,0.89124596331288,0.884804860731284,0.8921499013737314,0.8850827402751984
0.8745329840079278,0.8731697607949874,0.8742748907848255,0.8732462761024322,24.944613326847744,37.269927978515625,29.155277237353438,37.209381103515625,0.8682472946914113,0.8038441556273861,0.846007368416135,0.8041628206754277,0.9040994926969983,0.8976755752009344,0.9036787354129151,0.8974928574395189
0.8056429957277859,0.8025001469995936,0.8054303330720226,0.8022558818395318,60.89135457198257,96.962158203125,63.873084873539014,100.00302124023438,0.933976480037297,0.8952111057807344,0.9307434376543151,0.8919247858283328,0.8532715473245256,0.8415161816848917,0.8524305771019941,0.8402279399774961
0.8222272177864811,0.8207641727571134,0.8221821632242438,0.8205511393159765,30.14208414396769,41.958221435546875,30.013132295718737,41.97210693359375,0.9147958701772142,0.8817820938013309,0.9151603847863083,0.8817429712062955,0.8607607277809686,0.8513442019628936,0.8617089146736628,0.8523057031729566
0.8043566116138495,0.8020375076233903,0.8044168172554169,0.8024205194080569,56.248024075874916,86.42379760742188,56.12487840466884,80.07498168945312,0.9753300865826856,0.962208194611634,0.9753840972452182,0.9649844347475781,0.8758707361511201,0.8597535003185734,0.8752080672089215,0.8624977913108998
0.7778192953333417,0.7755469574783657,0.7776579892426209,0.7761130561797568,41.29237597276187,63.40277099609375,43.61691391050528,56.165557861328125,0.9819368493118391,0.9723427214661243,0.9809199914037904,0.9754997068207484,0.8619760359106005,0.8415442741217123,0.8565754230772408,0.8433335694429254
0.7776190398863472,0.7752284717754325,0.7777080142890956,0.7752432887387459,48.21716926069836,72.76513671875,47.496990515562075,74.58810424804688,0.9118600688003998,0.8674149497501508,0.9131765398006871,0.8640933282652635,0.8309832927322329,0.819159523597454,0.8302155970201263,0.8185404533865177
0.8025273444099924,0.8007901448535031,0.8025089859689685,0.8003775291997047,42.79255836575848,59.030975341796875,42.34305082684781,65.44735717773438,0.9779603103031065,0.9696869430671728,0.9781918226747036,0.9663920602235581,0.8732882791542367,0.8590483550102261,0.8717223689166054,0.8574762431755665
0.7551082864172052,0.7526475775072587,0.7554553754270008,0.7531374781908415,65.23559095330594,92.69808959960938,58.81894455252823,86.51611328125,0.9776072773750952,0.9682655492493127,0.9798098508619754,0.9703818994768548,0.8382792047308324,0.819795659887756,0.8370506674659495,0.8211895717463045
0.8592922587977433,0.8575180583997033,0.8593383200066625,0.8577770285642178,31.53249635213899,46.97723388671875,29.999209630349306,43.649200439453125,0.8699721010333449,0.8069622558336975,0.8762947863266779,0.820637732570352,0.8930550529790383,0.8857349398495871,0.894810089815319,0.8854746200865713
0.8583954079376358,0.8569225809144968,0.8584252382202012,0.8572273758823328,28.08101288910414,39.899627685546875,28.023650291827952,36.895721435546875,0.876812867802179,0.8255739248105098,0.8770645087911242,0.8387058663302172,0.8914578537992278,0.8841729156317988,0.890791317451674,0.8845996583972187
0.8166212949191319,0.8150377679426497,0.8167453333795774,0.8149623926716365,33.15637159533042,47.63214111328125,32.04657101167283,47.972015380859375,0.9764929841374552,0.9663331993569915,0.9772798042468006,0.9660929733469318,0.8835563757525786,0.8698246087416317,0.884458092186321,0.8708910377688086
0.8774110471900075,0.8761041837587896,0.8775177008060011,0.8763943560157136,27.216774075874763,36.87841796875,22.628313472762148,33.208160400390625,0.8550088568605384,0.8042406261176849,0.8794528319709234,0.8237232222577276,0.9065002282081184,0.9005897075408829,0.9089703345472915,0.9017353520762093
0.8509073276543109,0.8496487345978215,0.8507706921150078,0.8493431982913777,28.246625729571242,38.204742431640625,28.948200389104223,42.066253662109375,0.8965477178912166,0.8605595320841647,0.893978225156288,0.8464657076380937,0.8867482055054227,0.8797758750519042,0.8871883911861069,0.878849175693192
0.7614704306293942,0.7594305021971004,0.76124265506437,0.759506093613878,42.38840588521347,61.927886962890625,46.98951240272318,60.529754638671875,0.9834227984177134,0.9758468519788274,0.9816234037802057,0.9763921523053226,0.8474841431206547,0.8305821279100143,0.8482585102469421,0.8301685081147085
0.8793550777933812,0.8781322208105324,0.8793091579840726,0.8781321453110496,24.641536964979977,33.8780517578125,24.426282830738728,36.26947021484375,0.8602536140132648,0.8085589406513485,0.8614743571581281,0.7950453039749301,0.9094725685804127,0.9030482975036198,0.9089193493066863,0.9030598003670338
0.8548141397985735,0.8533111979829878,0.8548285260343966,0.8535093277528687,29.351440904668333,41.749053955078125,28.713430204279344,40.756378173828125,0.8805932650228285,0.8307479485335262,0.8831888028317326,0.8347722891233377,0.889705936438259,0.8820654193485689,0.8888139975194875,0.8822906131774098
0.825215864430258,0.8234251466411234,0.8249107593878482,0.8236536273944939,26.557210603112402,41.4835205078125,31.599829766536303,38.77508544921875,0.9797989706391195,0.9685432115733206,0.9759632478556398,0.9705970070941118,0.8802295743808752,0.867342413125683,0.8792727880740171,0.8667582290736418
0.862036232950005,0.8606986729589933,0.8620820137580021,0.8608669385876138,25.42898832684764,34.997589111328125,24.47452577820946,33.85833740234375,0.8453002267349254,0.787838177149818,0.851106794340625,0.7947445305701768,0.894538279646526,0.8875010353749162,0.895276609237745,0.8881204997006908
0.8291811560817529,0.8272561873758101,0.8291967443017477,0.8275459260146114,38.966986867702694,58.586212158203125,37.871048151749285,53.9349365234375,0.8990532005852058,0.8487474698756834,0.901892309138966,0.8607557083698216,0.8685982619130644,0.859146135299564,0.8698084534901885,0.8603616933370526
0.8158875354764354,0.8138941335514275,0.8160849106640918,0.8141076512454752,38.578064202333096,58.6190185546875,35.15044382295576,56.375640869140625,0.9086592874152648,0.8616622970847657,0.9167748135412064,0.8669565466891038,0.859016529549524,0.8495022894648778,0.8602708392145954,0.8489493971400939
0.7357757129663826,0.7337225599058421,0.7358110145092165,0.7333694366874978,36.79079523346253,51.635406494140625,38.10885821984387,56.853118896484375,0.9766030248118712,0.9672465785581752,0.975764807350325,0.963936874134804,0.8274264052150759,0.8104893441571765,0.8279645634000737,0.8087135226858913
0.8876719517343403,0.88669471817126,0.8876730425330716,0.8864345909867898,21.940813472762425,29.940185546875,23.107034289883014,33.06915283203125,0.9688334482096782,0.9576158893029502,0.9671768514047844,0.9531864412765216,0.9259442238686006,0.918689061295711,0.9257854792871733,0.9167840892821726
0.8122737298186741,0.810052524975629,0.8123346817806201,0.8104032326005084,43.41722397859747,68.94955444335938,41.98750607976475,62.397491455078125,0.9016963506222188,0.8444051244558383,0.9049334642411205,0.8591908244280781,0.8555791790781893,0.8463551104020839,0.8567490815899433,0.8467156350428893
0.8302571506790709,0.8285965066402114,0.8301510232303124,0.8286270700042501,33.33283681906483,49.222320556640625,33.522099951360545,47.779510498046875,0.9067474026978471,0.8627627841616516,0.9062179164511194,0.8667854964837397,0.8697154825030862,0.8612506509997906,0.8702597400901553,0.8616760950043747
0.8512659631702828,0.8499160015977294,0.8512955551361979,0.8499457437485798,26.25197592412373,36.3023681640625,25.59289883268399,35.019287109375,0.8876829073951594,0.845221952896866,0.8905027188610435,0.8506924714873355,0.8875666078080823,0.8802528181684062,0.8872444451792099,0.8791990248705568
0.782176291613617,0.780454535976582,0.7822051639787014,0.780272068233148,31.41743677042712,42.54559326171875,31.5480909533064,45.178802490234375,0.851353307535545,0.7993482890833311,0.8507351376866339,0.7869296601162136,0.8383638969536987,0.8269818717760573,0.8380279041940916,0.8267605673211211
0.6865881145966617,0.6840268599700583,0.6866801921200807,0.6842229024701353,45.01188594357928,65.61917114257812,44.28441147859873,63.431732177734375,0.9791869310186698,0.9697242065034349,0.9795233083088996,0.970733461104382,0.8050464758932674,0.7837378046121715,0.8068144454819534,0.7837506730855965
0.8470992782498206,0.8458547163094953,0.8474021520588803,0.8456865030559254,34.16701118676929,44.104461669921875,29.159563472761693,46.1962890625,0.8722436415701954,0.8356579296595246,0.8909673537928489,0.8278633612309605,0.8838272816431663,0.8760789549179924,0.8839629194768964,0.8754951459707494
0.9057141311632463,0.9046872941554903,0.9057142850353782,0.9046879256532422,22.696194066147633,33.002197265625,22.747324902723456,32.8563232421875,0.9596190411726075,0.941489351480872,0.9595280694352066,0.9417479761913646,0.9363348391194446,0.9287266891776629,0.9358592757586536,0.9305559829148213
0.8122789889063016,0.8103426211304688,0.8120632505493198,0.8105872236113589,33.111107733462624,51.66839599609375,37.985043774318655,48.03179931640625,0.9783182501491773,0.966269417520775,0.9751267090241461,0.9686434901406636,0.8807031158587362,0.864809594953835,0.8778394446520007,0.8649755118027638
0.7527266092422229,0.7502255710559246,0.7527556974422585,0.7504990207124602,51.68056906614734,79.07614135742188,50.61363083657525,74.53924560546875,0.9780479040271794,0.9665004152504486,0.9785011020247173,0.968422412468997,0.8367690675743747,0.8183819534131209,0.8366264140705495,0.8188260758881558
0.8807536378211593,0.8794439080592292,0.8806626444330272,0.8796577940547677,24.71595330739265,37.190673828125,25.348431420233013,33.388427734375,0.956854365863694,0.935299027283592,0.9557502745540657,0.9419138313581222,0.9185104681669145,0.9100717915078445,0.9182153277729138,0.910965738821393
0.9111886305930255,0.9099392038645507,0.9115393384054458,0.909862964330059,36.0473309824893,46.957977294921875,31.45935676069974,47.57183837890625,0.8766543097659232,0.839894673664715,0.8923533041640859,0.8378016868105626,0.9353356533372932,0.9303709185117834,0.9370894682086365,0.9300296565620729
0.8864280466959173,0.8849140682439788,0.8863382021132871,0.88514290222565,26.923364542800535,42.636138916015625,28.13737232490172,39.893035888671875,0.9555890731156617,0.9299134338471916,0.9535865295345187,0.9344226290200635,0.9140354577389955,0.9081783712635536,0.9167623878078004,0.9078634105483387
0.8719323690358936,0.8706782960945555,0.8717974150331732,0.8706481979804304,21.355909533073614,29.877227783203125,22.940874270427557,31.72412109375,0.962043698408025,0.9470769955314509,0.959226707659382,0.9438055024854337,0.9136681568486901,0.9053193581552292,0.914642020728765,0.9055667520846391
0.9120954973330239,0.911198364262972,0.911975589232335,0.9111685490320603,17.09493555447449,22.07177734375,18.11660992217884,23.513519287109375,0.9153079902654903,0.8910419421795501,0.9102463943782525,0.8839247354598475,0.9431343484872129,0.9374787391909876,0.9447420316568739,0.9383530266696725
0.9656806151410032,0.9651802742772031,0.9658022354750381,0.964997190138085,20.760548394941285,27.692626953125,18.556025048637856,30.565185546875,0.9412496240427254,0.9219276926872959,0.9474882152850201,0.9138292454838358,0.9740552100596349,0.9715993556806564,0.9742401095706108,0.9714512796355212
0.865471687734413,0.863974978751974,0.8653847145863576,0.8643720321018618,20.503222276264314,32.760223388671875,23.719965953307003,27.640869140625,0.9448076639683767,0.9121085248168199,0.9361485568505403,0.9258430952899169,0.916640691790408,0.9071624088260946,0.9165401136543322,0.9080106942608064
0.8593836978179566,0.8576474325516156,0.858775402420838,0.8577868396592007,21.119011429960796,36.425750732421875,29.373814445524776,35.821441650390625,0.9482622259041528,0.9110599373849876,0.928039445352077,0.9125354673744587,0.9097243919143179,0.8982975042151646,0.9069079242388228,0.8991473309266242
0.7863999109730391,0.7847381629685275,0.7865104993133712,0.7846451409146217,31.46449416342382,43.35546875,30.610712548637874,43.70404052734375,0.9737577365114494,0.9639444113023029,0.9744698141307656,0.9636545295181159,0.8618917436910483,0.8467319720815116,0.8634062618445378,0.8481572696422408
0.879884423166216,0.8787255431212248,0.8801597520601103,0.8788317285839916,33.08794382295648,45.65936279296875,28.672300583657005,43.818145751953125,0.9498764477803703,0.931069173763848,0.9565655223772243,0.9338488142177191,0.9151199337324253,0.909051362379343,0.9182677790510854,0.9089527419271128
0.815408874093388,0.813648295693263,0.8154801238836125,0.8136048909810158,39.58794382295678,55.8839111328125,37.72902480544687,55.8973388671875,0.9739913787102916,0.9633969075155625,0.9752126576165923,0.9633881125584235,0.8823206199112948,0.8653191554272297,0.87812978948445,0.867742864137421
0.8704926496278755,0.869219837369651,0.8703870871918109,0.8691734381439442,28.254833414396376,41.178131103515625,28.94579888132238,40.12542724609375,0.9616741618840231,0.9443325383881022,0.9607369123083241,0.9457556566793236,0.909480963146341,0.9023213502163521,0.911885291918441,0.9011965542498765
0.895080030256723,0.8940566201602723,0.8952337444292819,0.8941335776070268,25.899288667314707,32.96380615234375,21.397221546692293,33.37762451171875,0.938689064322118,0.9222372530874113,0.9493467295265835,0.92126104141455,0.9271888976401189,0.9210346775623839,0.9305117803806219,0.9224097639267965
0.897857537489491,0.8964188054800528,0.8980098620572098,0.8965862116078932,41.15792193579677,57.61834716796875,38.32760821984369,55.01153564453125,0.9341402552922539,0.9081226726480075,0.9386692433948657,0.9122794540805875,0.9277003844399375,0.9208919764505406,0.9279105887839793,0.9201526138527294
0.870284559192466,0.8687798096019049,0.8698577018712325,0.8686424287505702,22.235499756809073,38.278594970703125,29.65035262645862,39.232452392578125,0.9607388881069472,0.9326391782358766,0.9476465190857946,0.930960626036338,0.9147242937867576,0.9029200558784114,0.9109501895310873,0.9028104436392375
0.8372619848908914,0.8356589042198295,0.8374625951937636,0.8359952909026912,38.88603477626368,54.7711181640625,35.45099708171131,49.176849365234375,0.9552531810554836,0.9371761179914283,0.9592059371199692,0.9435928882660293,0.8883079536712463,0.8781777747067836,0.8918218575185828,0.8798302263653557
0.7445950686131309,0.7431627400746152,0.7445460216809192,0.7420749398569817,37.08633268482425,42.76434326171875,38.20078428988272,57.36572265625,0.9671312520248588,0.9621991900310597,0.966143539671407,0.9492925503944042,0.8315595593265078,0.8206114604645067,0.8372262631294288,0.8162844899751969
0.8966282695370354,0.8955633111544847,0.8966761839597811,0.8956859633976442,20.38016780155613,28.0093994140625,19.12527358949382,25.501068115234375,0.9402588634694972,0.9181820102967949,0.943937381094286,0.9255090729497952,0.9307032133461131,0.9246323576333761,0.9334054875990969,0.925531658218371
0.8154746495241632,0.8141141791246007,0.8159996152094123,0.8141602954862095,35.583657587548,44.849884033203125,28.22805204280106,44.35882568359375,0.9541066399422281,0.9423330003413145,0.9635933952842721,0.9429643924238076,0.8776293034099548,0.867798497944327,0.8828425656843082,0.8677983102555209
0.9528998232598884,0.9520896607988522,0.9529453616153236,0.9523490540969518,16.83839980544736,26.148101806640625,15.901355787937629,22.462799072265625,0.9559194063003084,0.9318018078216268,0.9583724574863969,0.9414136330306968,0.9666401539745938,0.9627914084947928,0.9668023588848472,0.9634678160413339
0.8955789400385931,0.894555573244674,0.8955380931097282,0.8944326719554613,19.940965466925793,28.464569091796875,21.176647616731188,28.81243896484375,0.92141616799106,0.8882218550966251,0.9165465623223752,0.8868557972107115,0.9335768858026915,0.9277652734366924,0.9351161939825748,0.9272908412514775
0.9524433098248039,0.951478983026596,0.9525647076293279,0.9516620454309501,22.567151021400655,35.597625732421875,20.186831225680812,32.706085205078125,0.9513469461424047,0.9235389084625053,0.9564787338062356,0.9297497256278827,0.96562562155669,0.9618984203402356,0.965653259036302,0.9624125131161638
0.9319296659904631,0.9311576612692769,0.9310813923909417,0.9312486187463396,10.09330921692596,16.474197387695312,12.806967412451197,15.033126831054688,0.929437919878371,0.8852502333755443,0.9113332784338772,0.8952879005329986,0.9577090650119776,0.9539250323680288,0.9583305975828781,0.9536173333822149
0.8668158846376567,0.865799692884772,0.867064276777364,0.8656614161441865,27.361107733462497,34.421722412109375,23.572896400777815,35.922698974609375,0.9368845670835333,0.9208637648349142,0.9456230509406442,0.9174129893970913,0.9122688547336467,0.9060423001651725,0.9158316200520836,0.9041936131222037
0.8526562083204372,0.8512808970913212,0.8527789807599714,0.8513580358283134,30.044473492217392,43.058685302734375,28.937986381322627,42.41943359375,0.9654920156257806,0.9507060432068601,0.9667628862883334,0.9514378641136312,0.9047058738849809,0.8927287126841721,0.9043743953706598,0.8943663441794738
0.8698935036899538,0.8678844366853962,0.8697590502351035,0.8678698659430806,44.30970330739161,64.48382568359375,45.75519820038768,64.13369750976562,0.8962813798878908,0.8495731243279759,0.8928978154654316,0.8503898979408229,0.9060522874007715,0.8969925898582201,0.9075637323107065,0.8984117444782376
0.8706653873758574,0.8695424424190792,0.8706676066095251,0.8694662066281349,23.62196011673119,30.906158447265625,23.102656857976353,32.331329345703125,0.9469488114050626,0.9308231851702947,0.948115084440071,0.9276332454205806,0.914532890470188,0.9068029519104439,0.9163432875218509,0.9066633348181239
0.8734656150583621,0.872294567734548,0.873590248770837,0.8723869324314288,24.97802164396852,33.559326171875,23.035840223735033,32.7958984375,0.9437162154076442,0.924635695519018,0.9480925956612056,0.9263501280415304,0.914519538432457,0.9071188732447206,0.9166992653110437,0.907831938077909
0.7959697741302535,0.791889294306409,0.7960361893702068,0.7915684454842775,102.13627796692165,159.09146118164062,101.21270063229188,165.5885009765625,0.9149125239657403,0.8678803840527286,0.9156819358328099,0.862484831103978,0.8429128009636331,0.8326451293715731,0.8488282335870428,0.8304341423291453
0.8692581384870125,0.8679321677850325,0.8693691050325622,0.8682514521884592,25.890624999999616,37.4447021484375,24.637007538910154,32.93389892578125,0.93957424983851,0.9129023974519752,0.9425000492543939,0.9233946733606423,0.9139020375121808,0.9065382304489544,0.9168664841074041,0.9078535624823998
0.8868333808905519,0.8857158215482673,0.8868956638593235,0.8857308553162124,26.41515685797624,34.637664794921875,24.574841926069695,36.579803466796875,0.9465740066743698,0.930184452710344,0.9502961368815742,0.9262698852851968,0.9234629191912005,0.9170906276084765,0.9262555332016265,0.9161707403293058
0.7979486439432173,0.7951096700552146,0.7979799920688797,0.795094371018272,61.2460481517484,95.03631591796875,59.55490029182653,95.60421752929688,0.9496214851295175,0.9220654842618214,0.951012554760624,0.9215997766358652,0.8395270466993359,0.827863639289897,0.8406886885588668,0.8281047921168161
0.8626401150873706,0.8613318523096025,0.8624743865021114,0.8613796771499294,21.691056663423772,29.12066650390625,23.674276507781737,30.0791015625,0.9484019707589599,0.9309591531085839,0.9436843474034755,0.9286868435744988,0.9076768065589,0.8982256956092536,0.9087157048659783,0.8999973014648439
0.8090450063771673,0.8072353625002476,0.8091637873199459,0.8073422832989718,35.53459387159428,49.9774169921875,33.97516415369562,49.842071533203125,0.9776357535966256,0.9686415096692688,0.978617204815289,0.9687264326109153,0.8694717304594649,0.8538715557566212,0.8666444821014687,0.8536379040303588
0.9758638908130931,0.9753270201822922,0.9758334803383593,0.9754338619074607,13.643087305447299,20.279327392578125,14.40834751945508,18.850311279296875,0.9297932387375124,0.8960403349472794,0.9258552414246126,0.9033660234977803,0.9820972554998104,0.9794119519610522,0.981537271525085,0.9806288053763095
0.8103606574097122,0.8084153539909951,0.8101292356038845,0.8082611010470532,37.53757295719801,58.667755126953125,41.994467412450796,60.72161865234375,0.976559465191797,0.9634751596147618,0.9737763340145632,0.9621964838366345,0.8785548709437585,0.8628422042507524,0.8748316167955589,0.8611682621944605
0.8595537585615685,0.8579003284496096,0.859904687969785,0.8588181442402619,34.0865454766531,50.750946044921875,26.787816147859562,34.76904296875,0.9544216763611552,0.9323635235992703,0.9641810650832542,0.9536628233067761,0.9042609135055778,0.8930044700864566,0.9078961405656905,0.898118974571954
0.8706871027868964,0.869261496087313,0.870522158456215,0.8691993424988931,27.743798638131736,43.16119384765625,30.300887645913864,43.497344970703125,0.9499845281295564,0.9224554180612066,0.9453747046873155,0.9218514797550297,0.9145863907310113,0.9066828474980639,0.9156718841321246,0.9053023782394813
0.8085805742223544,0.8070727416480571,0.8083703490175803,0.8068593572347107,30.01878647859873,39.63433837890625,33.36156371595275,42.635162353515625,0.9615633814814858,0.9494058469426118,0.9572832266672258,0.9455752254744746,0.873658786218081,0.8618884364242645,0.8753727850923896,0.8614843830687053
0.8394921181243048,0.8376098718343953,0.8394641566856533,0.8378221411188753,39.18898954279973,61.329010009765625,40.512949902721836,58.501434326171875,0.9676938194519537,0.9496110211892435,0.96660238782983,0.9519342064352443,0.8797888202219477,0.8729251580850472,0.8826173089732053,0.8704400242266868
0.7651157416131906,0.7630406604777463,0.7653073996343782,0.7631496956106985,39.58888618676986,56.573211669921875,36.415065661477996,55.70892333984375,0.9778641767623298,0.968454264621303,0.9796387942598862,0.9689361996245806,0.8522751340037135,0.8323596792479047,0.8498913709048745,0.83313704435994
0.881199116663356,0.8799520330636433,0.8808340820210075,0.8797223751800264,21.725164153696323,31.691192626953125,26.236350924124203,34.431549072265625,0.9674261540885457,0.9526446903880222,0.9606622603062887,0.9485498483464964,0.9218681496615078,0.9149004464419883,0.9214625351296152,0.9139457924543986
0.8637804859660442,0.8627845304181195,0.8640708555879703,0.8624802661907738,31.239512402723314,38.667144775390625,26.00231031128379,42.664642333984375,0.9703426649359849,0.9634125192640683,0.9753146201707982,0.9596300221139287,0.906857509413053,0.8974282779483556,0.9093699582584865,0.8980158226593717
0.9725965395166377,0.9720772863669253,0.972550844698136,0.9721688785960655,13.674185311283926,20.7982177734375,14.580252918287798,19.2305908203125,0.9499243440668347,0.9241242244557497,0.9466062721885,0.9298432198104546,0.9813146751200309,0.9787175471250094,0.9802899885825059,0.9786499456113746
0.8972797401854659,0.8954727832636463,0.8972193163434914,0.895594763005491,40.714798151750024,63.237701416015625,41.8601045719835,61.02783203125,0.9299356709426451,0.89155740632201,0.927964762832041,0.8953469806172062,0.9268351358798617,0.9185746838242743,0.9262988750246268,0.9185950787927268
0.9724291285669566,0.9718941008681714,0.9723531465214523,0.9717719801605343,17.974829766536917,27.308868408203125,19.66442728599208,29.970703125,0.9560542217005373,0.9334866365448271,0.9519234077251238,0.9270034832581561,0.9797177860095994,0.9774030360968702,0.9793367901450201,0.9767423445427899
0.8675904268266343,0.8664559735545855,0.8678057040670211,0.8666243991659596,26.35238326848211,34.430450439453125,24.198534776264303,32.431915283203125,0.9431510861122118,0.9259733206666059,0.9477974949858969,0.9302702415392626,0.9110825250101025,0.9031515878025489,0.9139212701195595,0.904189391908967
0.858932274803128,0.8566800757971439,0.8586755636551446,0.857014655153701,38.907800340465734,63.77508544921875,42.47008754863676,58.11737060546875,0.914849019897633,0.8608970111322749,0.9070528390668614,0.8732373324251976,0.9028910003243007,0.8919090227915689,0.9021438961168161,0.8930559464554793
0.8835017041657623,0.8824761054916808,0.883625206631989,0.882323797921976,24.449051556419636,32.21337890625,21.969266780155227,33.057769775390625,0.9414697597937918,0.9231498481868275,0.9474062845002602,0.9211354191301312,0.921737206118469,0.915454476836812,0.9250848780897797,0.9167442656333817
0.8070087843670112,0.8045808705697547,0.8065223626849177,0.8048890012578603,47.787603356030374,75.77835083007812,55.71057271400713,71.84432983398438,0.9718514038344975,0.9554981795179082,0.9671844933969214,0.9578084844298416,0.8639108577328106,0.8472159154202903,0.8630322354828155,0.8526943535067999
0.8683265847643722,0.8669374677102842,0.8689236660070694,0.8675488133290226,34.34928258754773,47.87060546875,25.434338521400363,40.0889892578125,0.9266613803152713,0.8981384382873019,0.9456955389097453,0.9146965656001553,0.9086989390058703,0.9004236353973081,0.9132113591055693,0.9025411890285737
0.8612584828018393,0.8600535570798274,0.8614149255850955,0.8599921340620775,24.69728842412417,33.76953125,22.461606274318736,33.556976318359375,0.9567404072217517,0.9410451789089496,0.9606564119960919,0.9414162571414006,0.908030298798938,0.9003269644059331,0.9106287653057517,0.8991161486079529
0.8699140257817586,0.868699269530927,0.8697659797406292,0.8686528551637325,24.23762767509702,35.24114990234375,27.154152480544447,35.56671142578125,0.9560073118220521,0.936252589732817,0.9507136515658072,0.9356636843180025,0.9154797342809664,0.9070017396118568,0.9169369475557096,0.9068724573409799
0.9709550544745935,0.9703226132814143,0.9709245708517951,0.9704903820045008,16.12311527237346,25.422607421875,16.45291220817114,22.560333251953125,0.9519429276548436,0.9245110449086679,0.9509599243744535,0.9330101765156953,0.9798726922566882,0.9772747206148706,0.978920505700663,0.9766217988484334
0.6328463197507703,0.630592476204849,0.6331932918246617,0.63057639938014,54.60536235408496,81.02462768554688,63.2412147373529,81.7269287109375,0.9742335934171247,0.9617333479946883,0.9700779458190749,0.9614016623120837,0.7655980179441585,0.7375272303599558,0.7603017850731593,0.7372902595019284
0.8945853544301339,0.8932822737894144,0.894389530875404,0.8934196476308349,18.27991245136167,29.849853515625,20.80015807392972,26.860504150390625,0.947194621070675,0.914072066124576,0.9399143605415948,0.9226774220755509,0.9328339306204089,0.9248640317287731,0.9327101218314738,0.9256056075581223
0.8545848587910793,0.8533547150044736,0.8549048753246273,0.8534163752453776,28.77620379377388,38.00341796875,24.608493433851834,37.53778076171875,0.967417018295018,0.9571098823031955,0.9721360712799849,0.9576353938408683,0.9015114543049355,0.8910874758974681,0.90295858573812,0.892607586186793
0.8097922474258895,0.8075282218386806,0.8098679130342995,0.8080793022834721,44.51443944552454,71.52264404296875,46.53547543774249,60.964935302734375,0.971707260030089,0.9546789304106381,0.9704227185080578,0.9613689327018413,0.8698839774909185,0.8547738763588604,0.8685718552339029,0.8575599013000954
0.9795420745734446,0.9792332347338334,0.9795725392492397,0.9791569307768283,10.479328793774219,13.664947509765625,9.783621108949347,14.9111328125,0.9284033003235554,0.9069949508551158,0.9331565030480067,0.8985132845156283,0.9843955365872915,0.9837592564578985,0.9852454634469736,0.9834344711823897
0.8346147435347322,0.8331817162287644,0.8345530881778522,0.8331798291168816,25.483584630349522,35.0579833984375,25.625486381322347,33.53656005859375,0.9756319232651035,0.9665829814841813,0.9754962330626965,0.9680331913077225,0.8882727295651727,0.8787649578910224,0.8875176090321544,0.8760463321080483
0.885552736829415,0.8842936324204951,0.8852340450654165,0.8843236621588121,19.99051556420194,29.347991943359375,24.290521643968347,30.81707763671875,0.9621145969458406,0.9445721767246781,0.9539653592263818,0.9417976011303766,0.9227451853919344,0.9152773344770879,0.9224131149838132,0.9144635462201447
0.8804832817299173,0.8796159316232846,0.8804245267160203,0.8788818075172155,25.98814445525249,32.4661865234375,26.663636916341922,41.693450927734375,0.9443992277001042,0.9307776708527913,0.9429540340047973,0.9111038870758928,0.9187853681469198,0.9138916940499471,0.9210145331552794,0.9102669436026163
0.8265348890946602,0.824948729333369,0.8265039989451013,0.824857116769377,36.92640442606933,51.563720703125,37.79410870622485,53.818695068359375,0.9688567319366307,0.956648076248577,0.9681249209895169,0.9547522185523142,0.8831732567851921,0.8707554661584216,0.8821247818225645,0.8697981136015853
0.8506605201186443,0.8492766960809099,0.8504338240727604,0.849000688560822,28.15798273346262,41.441650390625,33.71236624513575,43.73236083984375,0.9734317409940305,0.9610246742603684,0.9681909429882426,0.9588702912883609,0.9021978194427487,0.892515225593403,0.9011848759990003,0.8910724247983757
0.8147415152090337,0.8130330395330074,0.8144770363612104,0.8123551065288702,40.35186557112209,56.59577922077817,43.01079724426033,66.39383793289883,0.9612076513279533,0.9457844417466775,0.9586658009362176,0.9363984551909657,0.8759999725277753,0.8629543143908227,0.8739311283273248,0.8609894099479553
0.9110655191791072,0.9102254398568731,0.9110670565317751,0.910103801006026,19.13764591439668,23.960205078125,17.350893725680802,24.54766845703125,0.9145941880205858,0.8934529905301228,0.9225679493789998,0.8908406395092758,0.9424942252806836,0.9377989587515021,0.9446444728660628,0.9382176503885313
0.7973081090803873,0.7951126833263157,0.7970327883437591,0.7950974961362912,42.53799854085549,64.10943603515625,47.26787451361812,63.95538330078125,0.9736138865797359,0.9603504999193865,0.9706799675388267,0.9604457762824584,0.8709525233835637,0.8556287779318579,0.8692002894692737,0.8555476050048239
0.9227983962042101,0.9219593171428627,0.9227086734743905,0.9218523061992828,16.594388375486155,23.444854736328125,18.385153210116528,24.50421142578125,0.926266332203687,0.8962042052849682,0.9183094460304647,0.8915141881914485,0.9506813884731062,0.9461844880296235,0.9514893668370478,0.9466181001589831
0.8779263681165955,0.8767733517751762,0.8778053536286994,0.8767433539537018,21.860864542801213,30.23480224609375,23.699233949415937,31.57562255859375,0.9646169997360927,0.9512291306338831,0.9616414986953181,0.9490662928626248,0.9154580127629065,0.9071299907604573,0.9156505182849051,0.9074747035636628
0.944982178061964,0.9442781968324662,0.9450277532577525,0.9443850842880619,18.187074416342245,24.9244384765625,16.728173638132102,23.605438232421875,0.9470358369965935,0.9276825860272377,0.951284428983082,0.9315096205570382,0.9611016510830458,0.9571541202141236,0.9618237179482857,0.9584082421130584
0.9764112064787835,0.9758764704026173,0.9762744000572023,0.9759069930909247,9.90479085603107,16.607635498046875,12.329827334630195,16.317169189453125,0.9404695280004011,0.9005634896850139,0.9258944028629175,0.9023026268484007,0.9832225196457983,0.9810144446041855,0.9821934198093949,0.981158521918378
0.9025534825382441,0.9011181682918656,0.9027977367601983,0.9012098200836867,41.477991245134945,56.150299072265625,37.75221911478491,55.3509521484375,0.9082730008477574,0.8762636883783386,0.9165124041260505,0.8780251792643148,0.9266630501584886,0.9214456260049584,0.9285056796744076,0.9222115950934493
0.8865803308186908,0.8851562708248,0.8866282972784642,0.8852936702357042,27.96774683852079,40.94146728515625,27.595178745135637,39.66015625,0.9367714496503522,0.9077635766157858,0.9376137391843368,0.9106502232106048,0.9235161883820093,0.9155263822564608,0.9256373921519362,0.9166851108119158
0.73093848078602,0.7287568230465726,0.7308379870150346,0.72894363503894,35.910384241244664,51.91363525390625,38.551556420232934,51.093292236328125,0.9772736280669393,0.9672288570531923,0.9756021265626451,0.9677467090233535,0.821408693055372,0.8032361063647422,0.8234253350370546,0.8043495753704344
0.9175971452346968,0.9168731152668395,0.9178837401189661,0.9169069443833258,21.266954787234912,25.67634882478683,17.791512853770104,25.141993856838056,0.9034718163093535,0.8839163720305456,0.9192737242958454,0.8863322086327883,0.9463088692599115,0.9417569224335038,0.9483439817525607,0.9418118233892189
0.8199166898726052,0.8181164306647816,0.8199498360938646,0.8183595346095582,29.971607490271897,46.259429931640625,29.97555933852096,41.480072021484375,0.9730640675468011,0.9585535442891675,0.9730605159616028,0.9628356430146011,0.8819452490622924,0.8704691420954407,0.8830880887577097,0.8710301995238936
0.8377325250496758,0.8361100840754138,0.8376698687288113,0.8364025319142342,32.58007052529146,47.976226806640625,34.1911478599217,42.56658935546875,0.9717885162488137,0.9585885237234265,0.9703934645710505,0.9632579420559051,0.893881972963048,0.8791400860200478,0.8921287278425573,0.8839182576829401
0.8632575017393775,0.8613607389358676,0.8626185006712485,0.8615890960962771,29.426222033073252,51.790771484375,39.363570038909344,49.24786376953125,0.9628755303845968,0.9348782242056033,0.9503384546537809,0.938075679298966,0.9047567039433412,0.8948855026080731,0.9031058457690418,0.8943763947587378
0.9155630591327582,0.9145904777183611,0.9160344811400747,0.9142851283314556,38.13621716925968,46.28558349609375,31.014378647859253,48.888336181640625,0.8766355788622128,0.8508106057505039,0.899673560912977,0.8424213176135024,0.9378316658417496,0.9334007611775181,0.9391641854773805,0.9324220710518025
0.9106541846123754,0.9096603361240573,0.9105044693530471,0.9095382183253968,18.996443336575698,26.2403564453125,18.620409776264406,26.00048828125,0.9208902773424777,0.8911128652281124,0.9224562499900463,0.8921082235481183,0.9406796746656674,0.9355063618926349,0.9430619388404021,0.9354602883039469
0.8577844228085463,0.8564899631668252,0.8578928907881604,0.8564600305070118,31.242643482489374,43.85833740234375,29.517448929960473,43.722015380859375,0.9543134610514908,0.9360807452053762,0.9568362363141546,0.9362794212734049,0.9032806555195658,0.8946285153759537,0.9052609902718683,0.8949992126457549
0.8589572358890505,0.8576023821078388,0.8589888335449416,0.8574655944354234,30.644212062256116,41.017303466796875,29.629559824902167,43.694549560546875,0.9363249854839172,0.9150578007274118,0.9384333117091482,0.9095135266777754,0.9079879414665634,0.8995590449671489,0.910664080274516,0.8995263205614112
0.9624891489686278,0.9616100761021238,0.9623067438568551,0.9616864108690976,19.255076605058274,31.307586669921875,22.099586575875364,30.308013916015625,0.9479836327147044,0.9157417222270772,0.9402993695760227,0.9184318777999365,0.9722175327168995,0.9688026142965578,0.9719597217105264,0.9688257442817583
0.8543930810765461,0.8530373969847661,0.854689006171213,0.8530208000424512,25.542619163423687,36.08856201171875,21.817211819065836,36.19091796875,0.9376860987674196,0.9122487425968538,0.9467746211238065,0.9119998586449444,0.9063876565156752,0.8980915486093204,0.9103698888112869,0.8969603682446976
0.8543930810765461,0.8530373969847661,0.854689006171213,0.8530208000424512,25.542619163423687,36.08856201171875,21.817211819065836,36.19091796875,0.9376860987674196,0.9122487425968538,0.9467746211238065,0.9119998586449444,0.9063876565156752,0.8980915486093204,0.9103698888112869,0.8969603682446976
0.680986416851569,0.6765280565964766,0.6796494778776153,0.6765940952061021,81.3330648103102,132.29637145996094,91.69108706225558,131.5294647216797,0.9579012555854233,0.9316896821174339,0.9526581963104308,0.9320856691161715,0.8012166104043222,0.7757318365505785,0.7992816677657213,0.7786722568003095
0.8745055926240235,0.8734578467041751,0.8745247307492607,0.8732136844643048,24.07332198443532,32.3936767578125,25.224069795719373,35.843597412109375,0.9280720732552975,0.903546634561213,0.9246337898175054,0.893274368770221,0.9197358065139031,0.9124141039948268,0.9228239746660235,0.9128607309019761
0.8936679865591248,0.8928495641675706,0.8941846884464806,0.8925902189222161,39.71616609922131,55.699951171875,34.61958900778166,61.71246337890625,0.9825660155439832,0.9755783846692155,0.984768659822189,0.9729422017426154,0.9373848193028294,0.9297119132702996,0.9375956244104945,0.9294495374690754
0.862201583081946,0.8607858822408919,0.8623413770683992,0.8610916059620172,24.713065418287425,35.357574462890625,22.530064445524918,30.705230712890625,0.9398058650642032,0.9141667499825599,0.9451230465993687,0.9254606747024225,0.9096424483131597,0.9014153414763346,0.9127643354758856,0.9035665740403354
0.9822322422125046,0.9818423740145823,0.9821714346315463,0.9818729132796706,9.911934581711957,14.54107666015625,10.66977748054464,13.96331787109375,0.9258533587403933,0.8916411621223435,0.920184283234734,0.8959465703407022,0.9865915340991792,0.9852337246531171,0.9862461248930983,0.9858011520445733
0.6832257246859793,0.6797756319141907,0.6831615386518746,0.6801326600089419,74.1751884727602,125.79167175292969,80.04342473248771,119.24559020996094,0.9739025308607989,0.9557878242305966,0.971811640507646,0.9580885847161316,0.7949074274014036,0.7754549751112152,0.7932055671023412,0.7699396892070833
0.8729896859166507,0.8718744184219052,0.8731147657394085,0.8718291094727005,26.234526994162827,34.483978271484375,24.250790369649273,36.60748291015625,0.9270963412759359,0.9045039718344071,0.9326089871835261,0.8986233783255051,0.9182390952636941,0.9119456900124505,0.9210450538653325,0.9113495538038137
0.8293475223825412,0.8272641666350009,0.8289388776736742,0.8268998161844383,36.62645914396809,59.896148681640625,43.147890321010465,63.707000732421875,0.9471538148362938,0.9138608322562748,0.9377444215296732,0.9083802858225876,0.8885502796371711,0.8752615505644752,0.8880130101494765,0.8768966814874177
0.9827641746336443,0.9824221525229788,0.9827793660527576,0.9824069022702345,11.105271157587438,15.405059814453125,11.07237962062247,15.5709228515625,0.921728144368844,0.891838265649098,0.9219599695621494,0.8906737110174026,0.9867563553278547,0.9855687824867094,0.9866559418398693,0.9854540970839183
0.8822874976989503,0.881135128476241,0.8822290336424291,0.8811505416915952,25.45950875486324,36.18505859375,26.156857976653068,35.867584228515625,0.9394562941985207,0.9142522788757439,0.9377979705234099,0.915004597771779,0.9224056302284003,0.9153950544238749,0.9233227800889893,0.9150434948775337
0.9623684834802544,0.962465209083479,0.9631284540303408,0.9626483184972091,12.082198443579598,18.642807006835938,11.164807271400647,15.902725219726562,0.9179256671408214,0.8710999789684974,0.9225122789383555,0.8900454414118366,0.9726921783167995,0.9706951544485634,0.9736366165218959,0.9715111416558568
0.7689668066536727,0.7673964106368819,0.7694602636292877,0.7660041397645011,78.83175766050458,108.10035705566406,78.50969722762491,123.64311218261719,0.9499809445413285,0.9312083615750667,0.9500202713269241,0.9213174452086189,0.8580331096954613,0.8445596342826538,0.8619898042640977,0.841721560775361
0.823562655228572,0.8218250022844957,0.823385369718328,0.8219305202111077,29.134788424123947,45.168121337890625,32.82143725680872,45.6248779296875,0.9630326155666049,0.9428755045143976,0.9583548481263583,0.9422978406866078,0.8862102288942583,0.8761734437073074,0.8886297454940383,0.8747503610477316
0.9832657528051157,0.9829104742006071,0.9835089687586548,0.9829409713979169,16.293470330739236,22.250213623046875,11.530216439688637,21.831878662109375,0.9336978126057347,0.9098050560566553,0.9530806786054399,0.9115008464427853,0.9871433258683303,0.9865235019979619,0.9880500185492495,0.9860071185445931
0.8041659938571099,0.8021997652735267,0.8041666646598439,0.8023234526409012,41.29116001945403,63.787933349609375,40.91312013618544,60.50335693359375,0.9672088628676966,0.9495041639038259,0.9675090810656815,0.9521043019493638,0.8674507826105992,0.8536962074900374,0.8693241109634118,0.8577577808656671
0.9671400994022916,0.9666911581549048,0.9672769854492191,0.9667063654451317,14.66935189688698,19.22430419921875,12.770640807392837,19.20904541015625,0.9241867048097139,0.901020915158866,0.9339995135364177,0.9010994772208023,0.9751360884168189,0.9740091609486319,0.9766063909013786,0.9736950014801886
0.8486397714467175,0.8475669418122287,0.8487816473195717,0.8470168329307879,25.95434095330683,34.48028564453125,25.473127431906075,39.22674560546875,0.9511894804862383,0.9353697103464975,0.9520944652060924,0.9264728849179977,0.900279938818486,0.8918529245569129,0.9024720187828271,0.8905701183888279
0.9624891489686278,0.9616100761021238,0.9623067438568551,0.9616864108690976,19.255076605058274,31.307586669921875,22.099586575875364,30.308013916015625,0.9479836327147044,0.9157417222270772,0.9402993695760227,0.9184318777999365,0.9722175327168995,0.9688026142965578,0.9719597217105264,0.9688257442817583
0.9716390521357553,0.9712076710196819,0.9716391102099804,0.9711771408867838,12.457988813229461,17.39739990234375,12.394424854085493,17.8623046875,0.9527221031305203,0.9342268926875387,0.9529633274846322,0.9324692603691576,0.9797750356110326,0.9779287327894939,0.9802454480446112,0.9777825461173593
0.9787821336987812,0.9783634861176669,0.9786909191910765,0.9784245207699775,9.824294747081636,14.8126220703125,11.109314202334518,13.557891845703125,0.9282622893557944,0.8922499877732116,0.9188789843729614,0.9013771494871358,0.9844544544598123,0.9827664349619956,0.9843018661948834,0.9831693349599457
0.8695298756399102,0.8680509880081516,0.8700223173106677,0.8682646856685271,27.998358463034556,38.6553955078125,22.092594844357684,37.2384033203125,0.9248772299469658,0.8966418825614368,0.9407230632982038,0.9004306846937437,0.9168104361154222,0.9099175155791648,0.9219572811599311,0.910470743563877
0.9654479600069353,0.964967039599337,0.965614188726318,0.9648042325178386,16.162937743190493,21.490681966145925,14.796955958549434,23.631144205729328,0.9246380191010358,0.9001743999621148,0.9309204065056261,0.890231815182281,0.9747785769193663,0.9730243365703439,0.9753177683969655,0.9716560169179395
0.8613526709023227,0.8603136610267904,0.8615679936945906,0.8598097613828007,30.839646157587016,39.757598876953125,28.941360651750472,46.0362548828125,0.940296193592695,0.9232960210296468,0.9439711667025403,0.911182666304024,0.912175148141506,0.902577098149048,0.9123759913382679,0.9025423482186854
0.6177871768625242,0.6144718203319617,0.6177957355178798,0.6146511201653002,43.777541342411375,67.66848754882812,44.76012281128304,66.3509521484375,0.9717886086723078,0.9564685702971987,0.971155407503859,0.9573161464990706,0.727184925710222,0.7042012362183552,0.7300727214878034,0.7028500927286028
0.6680381998401618,0.6627517216600928,0.6676185132165449,0.661583009552789,133.30129803014927,208.54171752929688,139.02381748540228,225.20639038085938,0.9474983464538244,0.9179556665151031,0.9452483982254056,0.9113994628305419,0.7848317382495147,0.7590466037511225,0.7837057000878028,0.7597212549634556
0.7155739877798419,0.7121368923372697,0.7141659111918683,0.7116800836684967,40.103660019454765,73.70806884765625,54.81526629377357,78.9190673828125,0.973627332918143,0.9516484638943766,0.9640235789134718,0.9482301165172432,0.824084189947214,0.7990516555074096,0.815931303418583,0.7989509292105015
0.9564650284805334,0.955606000397089,0.9561699134736575,0.9555346701391344,17.880646306818175,28.63398972602746,22.280475454400435,30.081478310502355,0.9555556218659089,0.9291367315705275,0.9446541836939689,0.9255544933602156,0.9692184506324321,0.9656021818587783,0.968617234774004,0.9657023584887281
0.9689484003780704,0.9683845041677032,0.9691915220682391,0.9683845358446215,24.511277966925736,32.64990234375,19.86572835603086,32.4927978515625,0.9239687882696969,0.8991064525661041,0.9383787576946356,0.8995919311861538,0.9765752039072246,0.9741038504297175,0.9766707062591665,0.9743990154503648
0.7251357914642329,0.722841198957586,0.7251969263987678,0.7228845755944842,37.58526872567994,54.370025634765625,36.015837791827764,55.433746337890625,0.9716276570378759,0.9590643499634292,0.972812388030109,0.9582634656906813,0.8060721260291102,0.7893611558809863,0.8065257762693778,0.7878793313633448
0.787789637569677,0.784730549498837,0.7880089866226623,0.7847841387775918,79.59108498832053,119.9005281690155,71.98812590197531,118.97337147887447,0.9443775435961966,0.9165233691698934,0.9497227865972545,0.9171688702191955,0.8508216854301323,0.8373639386324028,0.852674676906945,0.836509835469403
0.634705261612614,0.6318025262325354,0.6347935933571189,0.6319108948767022,66.63576118676828,102.11822509765625,65.4088946984413,99.22488403320312,0.9744916929988694,0.9609268060418342,0.9749604334193225,0.9620338765622081,0.7730844605616105,0.7493832179213542,0.774316958557983,0.749662766487003
0.8663933670185893,0.8649454992173136,0.8661973020558837,0.8650982282216503,22.588825389104752,34.276702880859375,25.143725680933468,32.29156494140625,0.9371048097344744,0.9048825086943659,0.9299910737523686,0.9103912456739028,0.9158719191207626,0.9070171648781746,0.9165215323869838,0.9070043753429649
0.8581979157083413,0.8574742739601828,0.858330733119911,0.856302192168244,54.39972945038895,66.67951965332031,49.47440418287922,87.67262268066406,0.9716877324031807,0.9653148719602044,0.9742875652649019,0.954394750306032,0.921597961221407,0.910742055197616,0.9191918628032658,0.9106517742624496
0.8263780888431546,0.8241208052744871,0.8270822274213253,0.8242432224281231,63.301586819063836,87.0469970703125,53.259454036963085,85.38629150390625,0.9024700147601764,0.8663196840210705,0.9179421239320059,0.8688700723438962,0.8720474748936219,0.8639226632039367,0.8775317592720083,0.8626815961608456
0.5405556010662051,0.5361504745092982,0.5393405747896871,0.5350658706324074,90.05710420719586,141.707275390625,100.62794868676744,156.56605529785156,0.9642255251445305,0.9437054425453365,0.9600452016088552,0.9378020562840352,0.7094297289025797,0.677315919069365,0.7094756746228081,0.6761725423933842
0.9787821336987812,0.9783634861176669,0.9786909191910765,0.9784245207699775,9.824294747081636,14.8126220703125,11.109314202334518,13.557891845703125,0.9282622893557944,0.8922499877732116,0.9188789843729614,0.9013771494871358,0.9844544544598123,0.9827664349619956,0.9843018661948834,0.9831693349599457
0.7783257513559693,0.7757191802699323,0.7780366227723515,0.7759813890869938,42.89585359922017,66.595458984375,45.31775899805307,65.73703002929688,0.9613844503756401,0.9402261254405005,0.9592042114884952,0.9409966227906446,0.8410356117727937,0.8247131039377584,0.8404021484777761,0.8272894943161886
0.4852454116399906,0.4810411593883005,0.4854556865182686,0.48096206463924807,39.542011186770225,54.703857421875,36.848097033073635,56.126190185546875,0.9437065823451147,0.9222201635498796,0.9475417346307242,0.9201978416342073,0.7749605254365084,0.7349246675219161,0.7808515798539851,0.7313099008465717
0.8425520867428791,0.8407275106130571,0.8433625592566137,0.8407302665709572,57.397139825154994,74.78111471861173,46.53950026939865,74.58921807359042,0.8798305922399285,0.8439575454299351,0.9025274467101471,0.8443579676973144,0.8864297570334014,0.8785398284951865,0.8909198864102336,0.8800346900949325
0.8597675793487533,0.8572304966637044,0.8597687760174004,0.8582084864522498,55.12120014591247,87.17660522460938,53.41646400778027,70.73883056640625,0.8969166530227167,0.8375196918400762,0.9001047168959054,0.8681565202075807,0.896837318143432,0.8857346756278344,0.8970604824456867,0.8899897329141124
0.6897146493623266,0.6864600367687402,0.6903242906744387,0.6868016843517648,66.17380025940437,101.87175480769157,62.59271364796039,96.06951121794845,0.9670708106003956,0.9494385263764036,0.9688275006522734,0.9523183234975391,0.8016389512804764,0.7762226468547021,0.7975914675485587,0.7767707096589921
0.5258213930172013,0.5216472688095509,0.5252296371356301,0.5217614222642152,36.9580344114784,57.57716369628906,43.022099951361305,56.85649108886719,0.95909186231789,0.9363879600403198,0.9523914499953066,0.9371841690189867,0.7922756360713541,0.7576313631690339,0.7940676150176132,0.7495853147075544
0.7609640717126719,0.7579934024694307,0.7612530271206384,0.7577619859915238,78.12372324902431,114.83328247070312,74.48011916342077,117.48025512695312,0.9508725721427813,0.9280029622827772,0.9531638210670741,0.9263433894997993,0.8193546409195988,0.8072051268965927,0.8205910155848273,0.8044872065724398
0.8238375583566666,0.8223909789494477,0.8238901155632269,0.822390547695482,26.48504377431863,36.046600341796875,25.607399075875108,35.3311767578125,0.9508321963203169,0.9332960609901536,0.9524614880292996,0.934619946478932,0.8854534982138803,0.87527437265976,0.8893449400141821,0.8745326749790991
0.9536756475661512,0.9530363395857375,0.9536453058337601,0.952929556179194,13.548698929960928,19.72357177734375,13.361290126458973,20.937103271484375,0.9389104433224751,0.911399724691531,0.9397554484984362,0.9059484187267632,0.9682666123346365,0.9654812063292675,0.9683960928221176,0.9647975689237938
0.8377828256005561,0.8363265422933464,0.8378481851731782,0.8364794102799817,28.942090223734812,41.09185791015625,28.697197227625924,37.14520263671875,0.9426922029758948,0.9188965847158965,0.9431771119097427,0.9266861381190219,0.8956936073017184,0.8858450431634193,0.8983157741609195,0.8871360326646718
0.9619268867287845,0.9613660063162255,0.961896551166856,0.9613355000401734,14.252827091439473,20.29168701171875,14.343324416342233,20.937225341796875,0.9498962117630038,0.9289350548102758,0.9495780812774632,0.9266742695922517,0.9725720323159253,0.9704599708848163,0.9731379923201791,0.9700429902865253
0.4848277924273424,0.48079548606168,0.48475881396118825,0.48043421150138216,38.11536357003856,52.234283447265625,37.72476896887127,55.399932861328125,0.9413429093554598,0.9197038880195004,0.9419440092999407,0.9148375565018261,0.7771570769801008,0.7323489266661004,0.776097172426283,0.7344461266623172
0.8362150886003397,0.8336763124969638,0.835896039743484,0.8343629866810761,40.97850802529053,66.96047973632812,43.667011186768924,57.68701171875,0.930782450537823,0.8872639637382326,0.9262412505399127,0.9028769645831913,0.8809879827896437,0.8687340038430849,0.8801804997369209,0.8713461031890131
0.8995125897325121,0.8985505148306057,0.8996385824596986,0.8987036968904019,20.32225802529155,26.6077880859375,18.735195768482267,24.78741455078125,0.9169076468743944,0.8915928094161916,0.923396725859174,0.899009494340246,0.9337770356397077,0.9295880413713968,0.9373651528866059,0.9303416789026615
0.8389694430379758,0.8371141173329198,0.8390186934626697,0.837281022097226,38.785536235407015,57.341888427734375,36.40615880350029,56.62847900390625,0.955817410525691,0.934899288069207,0.9585278811413428,0.9357092275857251,0.8826570416377993,0.875219397143016,0.88601905887261,0.8738119206373653
0.8389694430379758,0.8371141173329198,0.8390186934626697,0.837281022097226,38.785536235407015,57.341888427734375,36.40615880350029,56.62847900390625,0.955817410525691,0.934899288069207,0.9585278811413428,0.9357092275857251,0.8826570416377993,0.875219397143016,0.88601905887261,0.8738119206373653
0.8548887532943221,0.8539020379834896,0.8549371155683001,0.8534136473634358,27.502158317120127,33.375091552734375,26.35791585603066,38.717742919921875,0.9490710280225488,0.9383987156349292,0.9511899559831922,0.9285376434753647,0.9007943479464449,0.892189209645782,0.9027739380770247,0.8920166441511053
0.8656705126315134,0.8642038098802216,0.865492318010533,0.8643430734459344,23.58596789883227,36.224395751953125,25.753435068092923,33.18585205078125,0.9395731286827982,0.9075062800540709,0.934020112572416,0.9152647589549774,0.9153239267150408,0.9059168764123002,0.9172602509601873,0.9084746713344558
0.7478445584432816,0.744711437888998,0.7483228160570723,0.7452137513915664,69.56271279182754,102.90457153320312,61.394911235407584,96.24301147460938,0.9418839857273951,0.91426642873541,0.9487077574403991,0.9198164186484674,0.8170615774687213,0.8024416555663618,0.8237922479270965,0.8030394211564988
0.871643180591289,0.8704487321338367,0.8717816546900413,0.8705565190902215,25.69342777237313,34.942626953125,23.293865515563855,33.10260009765625,0.9450694710320159,0.9255475684208098,0.9501995465215864,0.9294681229270422,0.9143179083065878,0.9057862501894272,0.9159237816945922,0.9072863170133303
0.9793900735863048,0.9790958996309755,0.9793900709915815,0.978943287430563,9.773042315174996,12.72637939453125,9.774075875486284,14.83319091796875,0.9219582857957549,0.8987627790302762,0.9219500323966767,0.8820032799514221,0.9846296107290123,0.983511214569808,0.9845657789688911,0.9826429717514973
0.8263780888431546,0.8241208052744871,0.8270822274213253,0.8242432224281231,63.301586819063836,87.0469970703125,53.259454036963085,85.38629150390625,0.9024700147601764,0.8663196840210705,0.9179421239320059,0.8688700723438962,0.8720474748936219,0.8639226632039367,0.8775317592720083,0.8626815961608456
0.8528983700075686,0.851492316534787,0.852840329369455,0.8516146504166918,26.13059338521345,37.43853759765625,26.437591196497515,32.24078369140625,0.9413018865777565,0.9161773133084344,0.940612266097984,0.9278147790093043,0.9016061569727982,0.8928533707298556,0.9035718696227659,0.8942357761430229
0.785362230801105,0.7828802907660366,0.7853179510254776,0.7832631627845403,50.45890077820848,83.00299072265625,50.542467169258856,76.07794189453125,0.9696778624122357,0.9502743153490667,0.9696276450755892,0.9544229947065401,0.8497312057069416,0.8345073689398579,0.8514088874708933,0.8379313146961953
0.8383010433791981,0.8367610222408892,0.8390479884815123,0.8358446940372586,59.11308365758533,71.862060546875,47.30797057392844,85.0762939453125,0.8932589794885534,0.8706663153598397,0.9145755770983439,0.8468840096186876,0.8847608433346192,0.8778785922319492,0.8888738268550446,0.8749818474030777
0.9751799238695975,0.9747319790594446,0.9752863444753084,0.9747319901070121,12.648863083657421,18.377532958984375,11.042953550583553,18.138946533203125,0.9385889268632227,0.9111149426066663,0.9463857246571763,0.9122688933679667,0.9809838106489547,0.9791489862344331,0.9821468947459033,0.9797517322169396
